,0
0,0334.bmp
1,0019.bmp
2,0340.bmp
3,0279.bmp
4,1120.bmp
5,0536.bmp
6,0363.bmp
7,1086.bmp
8,0618.bmp
9,0078.bmp
10,0544.bmp
11,1344.bmp
12,0645.bmp
13,1549.bmp
14,0117.bmp
15,1135.bmp
16,0106.bmp
17,0364.bmp
18,1495.bmp
19,0860.bmp
20,1149.bmp
21,0109.bmp
22,0710.bmp
23,1155.bmp
24,0848.bmp
25,0131.bmp
26,0339.bmp
27,1318.bmp
28,0846.bmp
29,0883.bmp
30,0533.bmp
31,0788.bmp
32,1561.bmp
33,0031.bmp
34,0864.bmp
35,1632.bmp
36,1295.bmp
37,0048.bmp
38,0539.bmp
39,0341.bmp
40,1154.bmp
41,0807.bmp
42,0369.bmp
43,0081.bmp
44,0507.bmp
45,1503.bmp
46,1116.bmp
47,0625.bmp
48,1634.bmp
49,0805.bmp
50,1015.bmp
51,0912.bmp
52,1029.bmp
53,1626.bmp
54,0116.bmp
55,0998.bmp
56,1560.bmp
57,1321.bmp
58,0314.bmp
59,1614.bmp
60,1006.bmp
61,0102.bmp
62,0597.bmp
63,1372.bmp
64,0118.bmp
65,0616.bmp
66,0021.bmp
67,0370.bmp
68,0257.bmp
69,0879.bmp
70,1044.bmp
71,1061.bmp
72,0368.bmp
73,1087.bmp
74,1107.bmp
75,1383.bmp
76,0722.bmp
77,0849.bmp
78,0088.bmp
79,0750.bmp
80,0056.bmp
81,0324.bmp
82,1375.bmp
83,0731.bmp
84,1548.bmp
85,0291.bmp
86,0359.bmp
87,1525.bmp
88,1363.bmp
89,0717.bmp
90,1026.bmp
91,0342.bmp
92,0977.bmp
93,0284.bmp
94,0322.bmp
95,1315.bmp
96,1616.bmp
97,0850.bmp
98,0306.bmp
99,0540.bmp
100,0756.bmp
101,0733.bmp
102,0873.bmp
103,1153.bmp
104,0264.bmp
105,0781.bmp
106,1593.bmp
107,1279.bmp
108,0652.bmp
109,0521.bmp
110,1603.bmp
111,0292.bmp
112,0552.bmp
113,0985.bmp
114,1041.bmp
115,0294.bmp
116,1266.bmp
117,1096.bmp
118,1345.bmp
119,0358.bmp
120,0299.bmp
121,1526.bmp
122,0288.bmp
123,0311.bmp
124,1521.bmp
125,0852.bmp
126,1510.bmp
127,0972.bmp
128,1067.bmp
129,1591.bmp
130,0915.bmp
131,0022.bmp
132,1358.bmp
133,1066.bmp
134,0537.bmp
135,0568.bmp
136,0061.bmp
137,0122.bmp
138,0881.bmp
139,0624.bmp
140,0973.bmp
141,0578.bmp
142,0751.bmp
143,1136.bmp
144,0006.bmp
145,0790.bmp
146,0100.bmp
147,0978.bmp
148,0104.bmp
149,0811.bmp
150,1008.bmp
151,0650.bmp
152,0758.bmp
153,1623.bmp
154,0712.bmp
155,0044.bmp
156,0134.bmp
157,0723.bmp
158,0018.bmp
159,1284.bmp
160,0792.bmp
161,0984.bmp
162,0127.bmp
163,0708.bmp
164,1027.bmp
165,1597.bmp
166,1037.bmp
167,0095.bmp
168,0275.bmp
169,0113.bmp
170,1017.bmp
171,0576.bmp
172,0278.bmp
173,0905.bmp
174,0891.bmp
175,0736.bmp
176,1348.bmp
177,0516.bmp
178,1605.bmp
179,0274.bmp
180,0038.bmp
181,1300.bmp
182,0598.bmp
183,1500.bmp
184,0900.bmp
185,1635.bmp
186,0562.bmp
187,0566.bmp
188,1131.bmp
189,1512.bmp
190,1379.bmp
191,0072.bmp
192,0654.bmp
193,0545.bmp
194,0641.bmp
195,0255.bmp
196,0070.bmp
197,0785.bmp
198,1598.bmp
199,1293.bmp
200,1533.bmp
201,0354.bmp
202,1349.bmp
203,1000.bmp
204,0741.bmp
205,1127.bmp
206,0549.bmp
207,1287.bmp
208,0997.bmp
209,1072.bmp
210,0346.bmp
211,1559.bmp
212,1140.bmp
213,0046.bmp
214,0614.bmp
215,0300.bmp
216,0889.bmp
217,1060.bmp
218,0499.bmp
219,0125.bmp
220,1517.bmp
221,1069.bmp
222,0114.bmp
223,0902.bmp
224,0559.bmp
225,0331.bmp
226,0347.bmp
227,0531.bmp
228,0858.bmp
229,1307.bmp
230,1335.bmp
231,1536.bmp
232,0911.bmp
233,1013.bmp
234,0982.bmp
235,1625.bmp
236,1629.bmp
237,0981.bmp
238,0060.bmp
239,0592.bmp
240,0003.bmp
241,0797.bmp
242,0639.bmp
243,1115.bmp
244,0023.bmp
245,0082.bmp
246,0910.bmp
247,1496.bmp
248,1374.bmp
249,0008.bmp
250,1038.bmp
251,0857.bmp
252,1370.bmp
253,0054.bmp
254,1504.bmp
255,0896.bmp
256,0632.bmp
257,0589.bmp
258,1114.bmp
259,1641.bmp
260,0266.bmp
261,1275.bmp
262,1103.bmp
263,0567.bmp
264,0986.bmp
265,0590.bmp
266,1337.bmp
267,1106.bmp
268,1501.bmp
269,0596.bmp
270,0318.bmp
271,0105.bmp
272,0794.bmp
273,0640.bmp
274,1596.bmp
275,0548.bmp
276,0273.bmp
277,1356.bmp
278,0077.bmp
279,1035.bmp
280,0350.bmp
281,1353.bmp
282,0343.bmp
283,0301.bmp
284,0812.bmp
285,0995.bmp
286,1011.bmp
287,1142.bmp
288,0307.bmp
289,1333.bmp
290,1296.bmp
291,0547.bmp
292,1515.bmp
293,0126.bmp
294,0357.bmp
295,1128.bmp
296,1551.bmp
297,0746.bmp
298,1134.bmp
299,1052.bmp
300,0556.bmp
301,0748.bmp
302,1628.bmp
303,0648.bmp
304,0987.bmp
305,0980.bmp
306,1292.bmp
307,0777.bmp
308,0049.bmp
309,1031.bmp
310,0098.bmp
311,1595.bmp
312,1562.bmp
313,1046.bmp
314,1336.bmp
315,0617.bmp
316,1051.bmp
317,0276.bmp
318,1519.bmp
319,0766.bmp
320,0591.bmp
321,1042.bmp
322,0560.bmp
323,1022.bmp
324,0500.bmp
325,1527.bmp
326,1376.bmp
327,1554.bmp
328,1108.bmp
329,1058.bmp
330,0779.bmp
331,0103.bmp
332,0810.bmp
333,0511.bmp
334,0866.bmp
335,0754.bmp
336,0988.bmp
337,0999.bmp
338,0580.bmp
339,0793.bmp
340,0816.bmp
341,1048.bmp
342,1531.bmp
343,0749.bmp
344,1509.bmp
345,0908.bmp
346,0261.bmp
347,0293.bmp
348,0016.bmp
349,0287.bmp
350,0108.bmp
351,0637.bmp
352,1111.bmp
353,1043.bmp
354,0906.bmp
355,1621.bmp
356,1278.bmp
357,1028.bmp
358,0523.bmp
359,1601.bmp
360,0327.bmp
361,1088.bmp
362,0085.bmp
363,1159.bmp
364,1276.bmp
365,0778.bmp
366,0646.bmp
367,0587.bmp
368,0743.bmp
369,0349.bmp
370,0498.bmp
371,1074.bmp
372,0335.bmp
373,1065.bmp
374,0290.bmp
375,0513.bmp
376,0571.bmp
377,1151.bmp
378,1143.bmp
379,0634.bmp
380,1618.bmp
381,0283.bmp
382,0534.bmp
383,0064.bmp
384,0512.bmp
385,0286.bmp
386,1301.bmp
387,1050.bmp
388,1498.bmp
389,1544.bmp
390,0101.bmp
391,0124.bmp
392,0265.bmp
393,1132.bmp
394,1552.bmp
395,0503.bmp
396,1281.bmp
397,1299.bmp
398,0882.bmp
399,0613.bmp
400,1053.bmp
401,1158.bmp
402,1541.bmp
403,0786.bmp
404,0895.bmp
405,0136.bmp
406,0360.bmp
407,0607.bmp
408,0083.bmp
409,0604.bmp
410,0773.bmp
411,0759.bmp
412,0555.bmp
413,0851.bmp
414,0854.bmp
415,1340.bmp
416,0974.bmp
417,0262.bmp
418,1145.bmp
419,1381.bmp
420,0362.bmp
421,0308.bmp
422,1054.bmp
423,0133.bmp
424,0579.bmp
425,1133.bmp
426,0610.bmp
427,1592.bmp
428,1157.bmp
429,1305.bmp
430,0711.bmp
431,1540.bmp
432,1493.bmp
433,1636.bmp
434,0909.bmp
435,0877.bmp
436,1094.bmp
437,1310.bmp
438,0871.bmp
439,0272.bmp
440,0611.bmp
441,1101.bmp
442,1097.bmp
443,1359.bmp
444,0351.bmp
445,0713.bmp
446,1057.bmp
447,0636.bmp
448,1291.bmp
449,1371.bmp
450,1555.bmp
451,1302.bmp
452,1100.bmp
453,0079.bmp
454,1380.bmp
455,0045.bmp
456,0631.bmp
457,1098.bmp
458,0870.bmp
459,1567.bmp
460,1565.bmp
461,0256.bmp
462,0538.bmp
463,1076.bmp
464,1537.bmp
465,0859.bmp
466,1320.bmp
467,0863.bmp
468,0565.bmp
469,1045.bmp
470,0535.bmp
471,1645.bmp
472,0561.bmp
473,0313.bmp
474,0572.bmp
475,0991.bmp
476,0024.bmp
477,0543.bmp
478,0558.bmp
479,0768.bmp
480,1522.bmp
481,0594.bmp
482,1137.bmp
483,0600.bmp
484,0323.bmp
485,0651.bmp
486,1586.bmp
487,1365.bmp
488,0581.bmp
489,0011.bmp
490,1499.bmp
491,1620.bmp
492,0013.bmp
493,0353.bmp
494,0813.bmp
495,1350.bmp
496,0791.bmp
497,0570.bmp
498,1313.bmp
499,1080.bmp
500,0647.bmp
501,1090.bmp
502,1071.bmp
503,1543.bmp
504,0898.bmp
505,1585.bmp
506,0653.bmp
507,0606.bmp
508,0609.bmp
509,0780.bmp
510,0047.bmp
511,0994.bmp
512,0087.bmp
513,0277.bmp
514,1139.bmp
515,1085.bmp
516,1039.bmp
517,0069.bmp
518,1520.bmp
519,1613.bmp
520,0815.bmp
521,0993.bmp
522,0058.bmp
523,0270.bmp
524,1588.bmp
525,1589.bmp
526,0502.bmp
527,0029.bmp
528,1316.bmp
529,0563.bmp
530,1639.bmp
531,0814.bmp
532,0132.bmp
533,1274.bmp
534,0280.bmp
535,1148.bmp
536,1352.bmp
537,0992.bmp
538,1328.bmp
539,0800.bmp
540,0332.bmp
541,0715.bmp
542,0806.bmp
543,1378.bmp
544,1021.bmp
545,0325.bmp
546,0783.bmp
547,1587.bmp
548,1338.bmp
549,0258.bmp
550,0355.bmp
551,1576.bmp
552,0338.bmp
553,1009.bmp
554,1599.bmp
555,0989.bmp
556,0089.bmp
557,0057.bmp
558,1075.bmp
559,0071.bmp
560,0519.bmp
561,0862.bmp
562,0316.bmp
563,0312.bmp
564,1304.bmp
565,0298.bmp
566,1001.bmp
567,0593.bmp
568,1004.bmp
569,0784.bmp
570,0520.bmp
571,0330.bmp
572,0302.bmp
573,1604.bmp
574,0317.bmp
575,0709.bmp
576,0093.bmp
577,0612.bmp
578,0336.bmp
579,0774.bmp
580,1332.bmp
581,0885.bmp
582,1082.bmp
583,1124.bmp
584,1156.bmp
585,0086.bmp
586,0111.bmp
587,0129.bmp
588,0771.bmp
589,0007.bmp
590,0638.bmp
591,0530.bmp
592,0110.bmp
593,0309.bmp
594,0623.bmp
595,0096.bmp
596,1516.bmp
597,0880.bmp
598,1105.bmp
599,1579.bmp
600,0372.bmp
601,0005.bmp
602,1564.bmp
603,0352.bmp
604,1584.bmp
605,1079.bmp
606,1382.bmp
607,1099.bmp
608,0802.bmp
609,0295.bmp
610,1144.bmp
611,1003.bmp
612,1040.bmp
613,0501.bmp
614,0373.bmp
615,1317.bmp
616,1019.bmp
617,1005.bmp
618,1326.bmp
619,1362.bmp
620,0787.bmp
621,0897.bmp
622,0569.bmp
623,1612.bmp
624,1312.bmp
625,0649.bmp
626,0655.bmp
627,0281.bmp
628,1267.bmp
629,0564.bmp
630,1556.bmp
631,0615.bmp
632,1112.bmp
633,0550.bmp
634,0808.bmp
635,0847.bmp
636,0541.bmp
637,0263.bmp
638,1319.bmp
639,0119.bmp
640,0366.bmp
641,0020.bmp
642,0714.bmp
643,1289.bmp
644,1081.bmp
645,0644.bmp
646,1290.bmp
647,1102.bmp
648,0798.bmp
649,1311.bmp
650,1121.bmp
651,1339.bmp
652,0296.bmp
653,0737.bmp
654,0032.bmp
655,0506.bmp
656,0765.bmp
657,0112.bmp
658,0074.bmp
659,0742.bmp
660,0595.bmp
661,1342.bmp
662,0799.bmp
663,1331.bmp
664,0065.bmp
665,1590.bmp
666,0509.bmp
667,0337.bmp
668,0348.bmp
669,1568.bmp
670,0094.bmp
671,0894.bmp
672,1557.bmp
673,1575.bmp
674,0546.bmp
675,0728.bmp
676,0782.bmp
677,0573.bmp
678,0315.bmp
679,0002.bmp
680,0732.bmp
681,0557.bmp
682,0075.bmp
683,0630.bmp
684,1373.bmp
685,1508.bmp
686,1563.bmp
687,0052.bmp
688,0107.bmp
689,1125.bmp
690,1056.bmp
691,0526.bmp
692,1539.bmp
693,0050.bmp
694,0305.bmp
695,0602.bmp
696,1146.bmp
697,1583.bmp
698,0890.bmp
699,0635.bmp
700,1141.bmp
701,1360.bmp
702,1600.bmp
703,0017.bmp
704,1630.bmp
705,1007.bmp
706,0304.bmp
707,0734.bmp
708,1545.bmp
709,1020.bmp
710,0026.bmp
711,1494.bmp
712,0757.bmp
713,0755.bmp
714,1631.bmp
715,1633.bmp
716,0620.bmp
717,0867.bmp
718,0622.bmp
719,1002.bmp
720,1032.bmp
721,0735.bmp
722,0068.bmp
723,0763.bmp
724,1297.bmp
725,1511.bmp
726,0888.bmp
727,0297.bmp
728,1118.bmp
729,1622.bmp
730,1273.bmp
731,1314.bmp
732,0582.bmp
733,0740.bmp
734,0738.bmp
735,1265.bmp
736,1609.bmp
737,1083.bmp
738,0586.bmp
739,0796.bmp
740,0034.bmp
741,1270.bmp
742,1064.bmp
743,0319.bmp
744,1084.bmp
745,0979.bmp
746,1047.bmp
747,1147.bmp
748,1607.bmp
749,1285.bmp
750,1322.bmp
751,0055.bmp
752,0333.bmp
753,0059.bmp
754,0907.bmp
755,0092.bmp
756,0518.bmp
757,0599.bmp
758,0853.bmp
759,1364.bmp
760,0767.bmp
761,0004.bmp
762,0012.bmp
763,0601.bmp
764,0508.bmp
765,0303.bmp
766,0761.bmp
767,1282.bmp
768,0320.bmp
769,1073.bmp
770,0753.bmp
771,0120.bmp
772,1347.bmp
773,1354.bmp
774,1152.bmp
775,1542.bmp
776,1343.bmp
777,0037.bmp
778,0344.bmp
779,0525.bmp
780,0371.bmp
781,0517.bmp
782,0721.bmp
783,1513.bmp
784,0801.bmp
785,1602.bmp
786,0084.bmp
787,0063.bmp
788,0121.bmp
789,0554.bmp
790,0983.bmp
791,1558.bmp
792,1640.bmp
793,0633.bmp
794,0996.bmp
795,0914.bmp
796,1361.bmp
797,0656.bmp
798,1643.bmp
799,0621.bmp
800,0729.bmp
801,1055.bmp
802,0039.bmp
803,1078.bmp
804,0720.bmp
805,0356.bmp
806,0855.bmp
807,0752.bmp
808,1298.bmp
809,0326.bmp
810,1119.bmp
811,1610.bmp
812,1644.bmp
813,1272.bmp
814,1277.bmp
815,1117.bmp
816,1110.bmp
817,0254.bmp
818,1030.bmp
819,1377.bmp
820,0769.bmp
821,1581.bmp
822,0128.bmp
823,1306.bmp
824,1355.bmp
825,0042.bmp
826,1033.bmp
827,0130.bmp
828,1034.bmp
829,1063.bmp
830,0553.bmp
831,1070.bmp
832,1346.bmp
833,1366.bmp
834,0574.bmp
835,1025.bmp
836,1582.bmp
837,1547.bmp
838,1502.bmp
839,0361.bmp
840,0803.bmp
841,1089.bmp
842,0726.bmp
843,0804.bmp
844,1268.bmp
845,1138.bmp
846,1018.bmp
847,0001.bmp
848,0745.bmp
849,0285.bmp
850,0529.bmp
851,1578.bmp
852,1093.bmp
853,0865.bmp
854,1524.bmp
855,0874.bmp
856,0776.bmp
857,1077.bmp
858,1150.bmp
859,0073.bmp
860,0123.bmp
861,1505.bmp
862,1594.bmp
863,1369.bmp
864,1329.bmp
865,1327.bmp
866,1308.bmp
867,0524.bmp
868,1535.bmp
869,0868.bmp
870,1351.bmp
871,1518.bmp
872,0861.bmp
873,0269.bmp
874,1550.bmp
875,0904.bmp
876,1334.bmp
877,0260.bmp
878,0542.bmp
879,0747.bmp
880,0719.bmp
881,0642.bmp
882,1514.bmp
883,0603.bmp
884,0809.bmp
885,1014.bmp
886,1024.bmp
887,0845.bmp
888,0893.bmp
889,0033.bmp
890,0869.bmp
891,0872.bmp
892,1608.bmp
893,1523.bmp
894,0097.bmp
895,1036.bmp
896,1303.bmp
897,0856.bmp
898,0725.bmp
899,0975.bmp
900,0577.bmp
901,1129.bmp
902,0588.bmp
903,0727.bmp
904,1049.bmp
905,0724.bmp
906,0762.bmp
907,0515.bmp
908,0626.bmp
909,1330.bmp
910,0608.bmp
911,1506.bmp
912,0080.bmp
913,0025.bmp
914,0027.bmp
915,1294.bmp
916,1580.bmp
917,1615.bmp
918,0015.bmp
919,0051.bmp
920,1507.bmp
921,0310.bmp
922,1123.bmp
923,1611.bmp
924,0990.bmp
925,0041.bmp
926,0886.bmp
927,0253.bmp
928,0028.bmp
929,1309.bmp
930,1323.bmp
931,0605.bmp
932,1023.bmp
933,0035.bmp
934,1367.bmp
935,1529.bmp
936,0009.bmp
937,1280.bmp
938,1624.bmp
939,0374.bmp
940,0899.bmp
941,1130.bmp
942,1534.bmp
943,0030.bmp
944,1283.bmp
945,0510.bmp
946,0760.bmp
947,0643.bmp
948,1627.bmp
949,1092.bmp
950,0976.bmp
951,1059.bmp
952,0628.bmp
953,0514.bmp
954,0053.bmp
955,1325.bmp
956,0575.bmp
957,1617.bmp
958,1104.bmp
959,0528.bmp
960,1546.bmp
961,0090.bmp
962,1095.bmp
963,0289.bmp
964,0271.bmp
965,0345.bmp
966,0532.bmp
967,0328.bmp
968,0522.bmp
969,0329.bmp
970,1068.bmp
971,0901.bmp
972,0903.bmp
973,0267.bmp
974,1530.bmp
975,0282.bmp
976,0887.bmp
977,1113.bmp
978,0014.bmp
979,0040.bmp
980,1016.bmp
981,0718.bmp
982,1553.bmp
983,0629.bmp
984,0884.bmp
985,0504.bmp
986,1324.bmp
987,1010.bmp
988,1122.bmp
989,0043.bmp
990,1538.bmp
991,1642.bmp
992,0876.bmp
993,0875.bmp
994,0066.bmp
995,0010.bmp
996,0789.bmp
997,1288.bmp
998,0739.bmp
999,1341.bmp
1000,0878.bmp
1001,0076.bmp
1002,1286.bmp
1003,1368.bmp
1004,1091.bmp
1005,0099.bmp
1006,0772.bmp
1007,1109.bmp
1008,0259.bmp
1009,0036.bmp
1010,0764.bmp
1011,0775.bmp
1012,0321.bmp
1013,1566.bmp
1014,1271.bmp
1015,0551.bmp
1016,0115.bmp
1017,0505.bmp
1018,1637.bmp
1019,0913.bmp
1020,0365.bmp
1021,1497.bmp
1022,1638.bmp
1023,1577.bmp
1024,1606.bmp
1025,1619.bmp
1026,0892.bmp
1027,0744.bmp
1028,0367.bmp
1029,1357.bmp
1030,0062.bmp
1031,0527.bmp
1032,0770.bmp
1033,1269.bmp
1034,1062.bmp
1035,0091.bmp
1036,1528.bmp
1037,0795.bmp
1038,0067.bmp
1039,0268.bmp
1040,0716.bmp
1041,1012.bmp
1042,0730.bmp
1043,0627.bmp
1044,1532.bmp
1045,0619.bmp
1046,0135.bmp
1047,1126.bmp
